cluster,centroid_latitude,centroid_longitude,crime_count
0,17.330638141069397,76.83255564732652,879
1,15.140800425555556,76.92390594999999,900
2,13.338785085378868,77.10154319103522,937
3,15.852961568786126,74.49678459075145,865
4,12.913222555438226,74.85312658922913,947
5,12.297594952329362,76.63832446695558,923
6,16.830567100338218,75.70987498308905,887
7,13.928169017857144,75.56661313865547,952
8,15.459896520127117,75.0073328125,944
9,12.975495202835333,77.59700019738277,917
